[
    {
        "id": "3f2ad0ba48da009c",
        "type": "tab",
        "label": "Flux 1",
        "disabled": false,
        "info": "",
        "env": []
    },
    {
        "id": "3b7004e6231f6ba2",
        "type": "mqtt out",
        "z": "3f2ad0ba48da009c",
        "name": "",
        "topic": "capteur/temperature",
        "qos": "0",
        "retain": "",
        "respTopic": "",
        "contentType": "",
        "userProps": "",
        "correl": "",
        "expiry": "",
        "broker": "cab7bf61c71d6106",
        "x": 520,
        "y": 400,
        "wires": []
    },
    {
        "id": "16c0de9187565b81",
        "type": "inject",
        "z": "3f2ad0ba48da009c",
        "name": "",
        "props": [
            {
                "p": "payload"
            },
            {
                "p": "topic",
                "vt": "str"
            }
        ],
        "repeat": "5",
        "crontab": "",
        "once": false,
        "onceDelay": 0.1,
        "topic": "",
        "payload": "",
        "payloadType": "date",
        "x": 110,
        "y": 280,
        "wires": [
            [
                "db87602e055c4fe5"
            ]
        ]
    },
    {
        "id": "38a91a2d2c3b4dc4",
        "type": "mqtt in",
        "z": "3f2ad0ba48da009c",
        "name": "",
        "topic": "capteur/temperature",
        "qos": "0",
        "datatype": "auto-detect",
        "broker": "cab7bf61c71d6106",
        "nl": false,
        "rap": true,
        "rh": 0,
        "inputs": 0,
        "x": 530,
        "y": 480,
        "wires": [
            [
                "b5cac6e05a92f153"
            ]
        ]
    },
    {
        "id": "b5cac6e05a92f153",
        "type": "debug",
        "z": "3f2ad0ba48da009c",
        "name": "debug 1",
        "active": true,
        "tosidebar": true,
        "console": false,
        "tostatus": false,
        "complete": "false",
        "statusVal": "",
        "statusType": "auto",
        "x": 740,
        "y": 480,
        "wires": []
    },
    {
        "id": "db87602e055c4fe5",
        "type": "function",
        "z": "3f2ad0ba48da009c",
        "name": "Température",
        "func": "// Générer une température aléatoire entre 20 et 30°C\nlet temp = (Math.random() * 10 + 20).toFixed(1);\n\n// Créer le message MQTT\nmsg.payload = temp;\nmsg.topic = \"capteur/temperature\";\nreturn msg;",
        "outputs": 1,
        "timeout": 0,
        "noerr": 0,
        "initialize": "",
        "finalize": "",
        "libs": [],
        "x": 270,
        "y": 380,
        "wires": [
            [
                "3b7004e6231f6ba2"
            ]
        ]
    },
    {
        "id": "3ff98d6a52200dd9",
        "type": "inject",
        "z": "3f2ad0ba48da009c",
        "name": "",
        "props": [
            {
                "p": "payload"
            },
            {
                "p": "topic",
                "vt": "str"
            }
        ],
        "repeat": "",
        "crontab": "",
        "once": false,
        "onceDelay": 0.1,
        "topic": "",
        "payload": "Détection fumée",
        "payloadType": "str",
        "x": 120,
        "y": 580,
        "wires": [
            [
                "a1cbc1c025737e13"
            ]
        ]
    },
    {
        "id": "a1cbc1c025737e13",
        "type": "function",
        "z": "3f2ad0ba48da009c",
        "name": "Fumée",
        "func": "// Ici msg.payload = Détection fumée si tu on clique\nmsg.topic = \"capteur/fumee\";\nreturn msg;",
        "outputs": 1,
        "timeout": 0,
        "noerr": 0,
        "initialize": "",
        "finalize": "",
        "libs": [],
        "x": 340,
        "y": 640,
        "wires": [
            [
                "168f05a48955a2c3"
            ]
        ]
    },
    {
        "id": "168f05a48955a2c3",
        "type": "mqtt out",
        "z": "3f2ad0ba48da009c",
        "name": "",
        "topic": "capteur/fumee",
        "qos": "1",
        "retain": "",
        "respTopic": "",
        "contentType": "",
        "userProps": "",
        "correl": "",
        "expiry": "",
        "broker": "cab7bf61c71d6106",
        "x": 600,
        "y": 640,
        "wires": []
    },
    {
        "id": "f5fe359c092d445f",
        "type": "debug",
        "z": "3f2ad0ba48da009c",
        "name": "debug 2",
        "active": true,
        "tosidebar": true,
        "console": false,
        "tostatus": false,
        "complete": "false",
        "statusVal": "",
        "statusType": "auto",
        "x": 860,
        "y": 740,
        "wires": []
    },
    {
        "id": "df33fe2f3d8ba81b",
        "type": "mqtt in",
        "z": "3f2ad0ba48da009c",
        "name": "",
        "topic": "capteur/fumee",
        "qos": "1",
        "datatype": "auto-detect",
        "broker": "cab7bf61c71d6106",
        "nl": false,
        "rap": true,
        "rh": 0,
        "inputs": 0,
        "x": 610,
        "y": 740,
        "wires": [
            [
                "f5fe359c092d445f"
            ]
        ]
    },
    {
        "id": "545ed86f03fac55b",
        "type": "inject",
        "z": "3f2ad0ba48da009c",
        "name": "",
        "props": [
            {
                "p": "payload"
            },
            {
                "p": "topic",
                "vt": "str"
            }
        ],
        "repeat": "",
        "crontab": "",
        "once": false,
        "onceDelay": 0.1,
        "topic": "Mouvement détecté",
        "payload": "1",
        "payloadType": "num",
        "x": 140,
        "y": 980,
        "wires": [
            [
                "840cd6fa440e7897"
            ]
        ]
    },
    {
        "id": "d9af78ad0249d047",
        "type": "mqtt out",
        "z": "3f2ad0ba48da009c",
        "name": "",
        "topic": "capteur/mouvement",
        "qos": "1",
        "retain": "",
        "respTopic": "",
        "contentType": "",
        "userProps": "",
        "correl": "",
        "expiry": "",
        "broker": "cab7bf61c71d6106",
        "x": 700,
        "y": 1000,
        "wires": []
    },
    {
        "id": "840cd6fa440e7897",
        "type": "function",
        "z": "3f2ad0ba48da009c",
        "name": "Lampe",
        "func": "let delay = 10000; // 10 secondes\n\nif (msg.payload === 1) {\n    // Allumer la lampe\n    flow.set(\"lampe\", 1);\n    msg.payload = 1;\n    node.send(msg);\n\n    // Eteindre après delay si pas de nouveau mouvement\n    setTimeout(() => {\n        if (flow.get(\"lampe\") === 1) {\n            let msgOff = { payload: 0, topic: \"capteur/mouvement\" };\n            flow.set(\"lampe\", 0);\n            node.send(msgOff);\n        }\n    }, delay);\n}",
        "outputs": 1,
        "timeout": 0,
        "noerr": 0,
        "initialize": "",
        "finalize": "",
        "libs": [],
        "x": 470,
        "y": 1000,
        "wires": [
            [
                "d9af78ad0249d047"
            ]
        ]
    },
    {
        "id": "f66d8cfa75dd384e",
        "type": "mqtt in",
        "z": "3f2ad0ba48da009c",
        "name": "",
        "topic": "capteur/mouvement",
        "qos": "1",
        "datatype": "auto-detect",
        "broker": "cab7bf61c71d6106",
        "nl": false,
        "rap": true,
        "rh": 0,
        "inputs": 0,
        "x": 730,
        "y": 1100,
        "wires": [
            [
                "cd4272394864fc13"
            ]
        ]
    },
    {
        "id": "cd4272394864fc13",
        "type": "debug",
        "z": "3f2ad0ba48da009c",
        "name": "debug 3",
        "active": true,
        "tosidebar": true,
        "console": false,
        "tostatus": false,
        "complete": "false",
        "statusVal": "",
        "statusType": "auto",
        "x": 960,
        "y": 1100,
        "wires": []
    },
    {
        "id": "190527924ff77104",
        "type": "debug",
        "z": "3f2ad0ba48da009c",
        "name": "debug 4",
        "active": true,
        "tosidebar": true,
        "console": false,
        "tostatus": false,
        "complete": "false",
        "statusVal": "",
        "statusType": "auto",
        "x": 940,
        "y": 1280,
        "wires": []
    },
    {
        "id": "513deb14223a5be4",
        "type": "mqtt in",
        "z": "3f2ad0ba48da009c",
        "name": "",
        "topic": "camera",
        "qos": "2",
        "datatype": "auto-detect",
        "broker": "cab7bf61c71d6106",
        "nl": false,
        "rap": true,
        "rh": 0,
        "inputs": 0,
        "x": 670,
        "y": 1280,
        "wires": [
            [
                "190527924ff77104"
            ]
        ]
    },
    {
        "id": "3a7076d768994fe4",
        "type": "mqtt out",
        "z": "3f2ad0ba48da009c",
        "name": "",
        "topic": "camera",
        "qos": "2",
        "retain": "",
        "respTopic": "",
        "contentType": "",
        "userProps": "",
        "correl": "",
        "expiry": "",
        "broker": "cab7bf61c71d6106",
        "x": 640,
        "y": 1180,
        "wires": []
    },
    {
        "id": "bfe74752f2c73c7d",
        "type": "function",
        "z": "3f2ad0ba48da009c",
        "name": "Caméra",
        "func": "// Simuler état caméra\nmsg.topic = \"camera\";\nreturn msg;",
        "outputs": 1,
        "timeout": 0,
        "noerr": 0,
        "initialize": "",
        "finalize": "",
        "libs": [],
        "x": 460,
        "y": 1180,
        "wires": [
            [
                "3a7076d768994fe4"
            ]
        ]
    },
    {
        "id": "470227cf1e2f9239",
        "type": "inject",
        "z": "3f2ad0ba48da009c",
        "name": "",
        "props": [
            {
                "p": "payload"
            },
            {
                "p": "topic",
                "vt": "str"
            }
        ],
        "repeat": "",
        "crontab": "",
        "once": false,
        "onceDelay": 0.1,
        "topic": "Caméra allumé",
        "payload": "1",
        "payloadType": "num",
        "x": 100,
        "y": 1160,
        "wires": [
            [
                "bfe74752f2c73c7d"
            ]
        ]
    },
    {
        "id": "b9c92968a4e1e0d6",
        "type": "inject",
        "z": "3f2ad0ba48da009c",
        "name": "",
        "props": [
            {
                "p": "payload"
            },
            {
                "p": "topic",
                "vt": "str"
            }
        ],
        "repeat": "1",
        "crontab": "",
        "once": false,
        "onceDelay": 0.1,
        "topic": "Battements",
        "payload": "",
        "payloadType": "date",
        "x": 110,
        "y": 1380,
        "wires": [
            [
                "ca968421ae0d1e11"
            ]
        ]
    },
    {
        "id": "ca968421ae0d1e11",
        "type": "function",
        "z": "3f2ad0ba48da009c",
        "name": "ECG",
        "func": "// Générer fréquence cardiaque aléatoire\nlet bpm = Math.floor(Math.random() * 41) + 60; // 60 à 100\nmsg.payload = bpm;\nmsg.topic = \"salle1/ecg\";\nreturn msg;",
        "outputs": 1,
        "timeout": 0,
        "noerr": 0,
        "initialize": "",
        "finalize": "",
        "libs": [],
        "x": 370,
        "y": 1440,
        "wires": [
            [
                "5a812bd1a0b364d1"
            ]
        ]
    },
    {
        "id": "5a812bd1a0b364d1",
        "type": "mqtt out",
        "z": "3f2ad0ba48da009c",
        "name": "",
        "topic": "salle1/ecg",
        "qos": "2",
        "retain": "",
        "respTopic": "",
        "contentType": "",
        "userProps": "",
        "correl": "",
        "expiry": "",
        "broker": "cab7bf61c71d6106",
        "x": 580,
        "y": 1460,
        "wires": []
    },
    {
        "id": "60ca9722710bdeb7",
        "type": "mqtt in",
        "z": "3f2ad0ba48da009c",
        "name": "",
        "topic": "salle1/ecg",
        "qos": "2",
        "datatype": "auto-detect",
        "broker": "cab7bf61c71d6106",
        "nl": false,
        "rap": true,
        "rh": 0,
        "inputs": 0,
        "x": 580,
        "y": 1560,
        "wires": [
            [
                "ae92f25057aee692",
                "248f55bd8895f15e"
            ]
        ]
    },
    {
        "id": "ae92f25057aee692",
        "type": "debug",
        "z": "3f2ad0ba48da009c",
        "name": "debug 5",
        "active": true,
        "tosidebar": true,
        "console": false,
        "tostatus": false,
        "complete": "false",
        "statusVal": "",
        "statusType": "auto",
        "x": 840,
        "y": 1560,
        "wires": []
    },
    {
        "id": "2119f4908f11ecd6",
        "type": "http in",
        "z": "3f2ad0ba48da009c",
        "name": "",
        "url": "/badge",
        "method": "post",
        "upload": true,
        "skipBodyParsing": false,
        "swaggerDoc": "",
        "x": 190,
        "y": 1960,
        "wires": [
            [
                "d82cd13b88b750b0"
            ]
        ]
    },
    {
        "id": "d82cd13b88b750b0",
        "type": "function",
        "z": "3f2ad0ba48da009c",
        "name": "badge",
        "func": "let badge = msg.payload.badge;\nif (badge === \"12345\") {\n    msg.payload = { access: \"autorisé\", user: \"Dr. Diallo\" };\n} else {\n    msg.payload = { access: \"refusé\" };\n}\nreturn msg;\n",
        "outputs": 1,
        "timeout": 0,
        "noerr": 0,
        "initialize": "",
        "finalize": "",
        "libs": [],
        "x": 390,
        "y": 1960,
        "wires": [
            [
                "5dba4d8e0673fb9a"
            ]
        ]
    },
    {
        "id": "5dba4d8e0673fb9a",
        "type": "http response",
        "z": "3f2ad0ba48da009c",
        "name": "",
        "statusCode": "",
        "headers": {},
        "x": 650,
        "y": 1960,
        "wires": []
    },
    {
        "id": "248f55bd8895f15e",
        "type": "influxdb out",
        "z": "3f2ad0ba48da009c",
        "influxdb": "97cb809891747c84",
        "name": "ECG",
        "measurement": "battement-cardiaque",
        "precision": "",
        "retentionPolicy": "",
        "database": "database",
        "precisionV18FluxV20": "ms",
        "retentionPolicyV18Flux": "",
        "org": "cardiologie",
        "bucket": "cardiologie_iot",
        "x": 810,
        "y": 1640,
        "wires": []
    },
    {
        "id": "528466b8232c8b25",
        "type": "ui_toast",
        "z": "3f2ad0ba48da009c",
        "position": "top right",
        "displayTime": "3",
        "highlight": "",
        "sendall": true,
        "outputs": 0,
        "ok": "OK",
        "cancel": "",
        "raw": false,
        "className": "",
        "topic": "",
        "name": "",
        "x": 770,
        "y": 1800,
        "wires": []
    },
    {
        "id": "6d8781794afe8700",
        "type": "inject",
        "z": "3f2ad0ba48da009c",
        "name": "",
        "props": [
            {
                "p": "payload"
            },
            {
                "p": "topic",
                "vt": "str"
            }
        ],
        "repeat": "",
        "crontab": "",
        "once": false,
        "onceDelay": 0.1,
        "topic": "battement fort",
        "payload": "200",
        "payloadType": "str",
        "x": 110,
        "y": 1440,
        "wires": [
            [
                "97c03c4ac92bbb30"
            ]
        ]
    },
    {
        "id": "97c03c4ac92bbb30",
        "type": "function",
        "z": "3f2ad0ba48da009c",
        "name": "function 1",
        "func": "let bpm = msg.payload;\nlet message = {};\n\nif (bpm < 50) {\n    message = { payload: \" Rythme cardiaque trop bas (\" + bpm + \" bpm)\" };\n} else if (bpm > 120) {\n    message = { payload: \" Tachycardie (\" + bpm + \" bpm)\" };\n} else {\n    message = { payload: \" Rythme normal (\" + bpm + \" bpm)\" };\n}\n\nreturn [{ payload: bpm }, message];\n",
        "outputs": 1,
        "timeout": 0,
        "noerr": 0,
        "initialize": "",
        "finalize": "",
        "libs": [],
        "x": 360,
        "y": 1520,
        "wires": [
            [
                "5a812bd1a0b364d1",
                "528466b8232c8b25",
                "e46a33b54046ac62"
            ]
        ]
    },
    {
        "id": "e46a33b54046ac62",
        "type": "ui_gauge",
        "z": "3f2ad0ba48da009c",
        "name": "",
        "group": "234f1075fb60909b",
        "order": 0,
        "width": 0,
        "height": 0,
        "gtype": "gage",
        "title": "Battements/min",
        "label": "BPM",
        "format": "{{value}}",
        "min": "30",
        "max": "150",
        "colors": [
            "#00b500",
            "#e6e600",
            "#ca3838"
        ],
        "seg1": "",
        "seg2": "",
        "diff": false,
        "className": "",
        "x": 760,
        "y": 1860,
        "wires": []
    },
    {
        "id": "cab7bf61c71d6106",
        "type": "mqtt-broker",
        "name": "",
        "broker": "localhost",
        "port": 1883,
        "clientid": "",
        "autoConnect": true,
        "usetls": false,
        "protocolVersion": 4,
        "keepalive": 60,
        "cleansession": true,
        "autoUnsubscribe": true,
        "birthTopic": "",
        "birthQos": "0",
        "birthRetain": "false",
        "birthPayload": "",
        "birthMsg": {},
        "closeTopic": "",
        "closeQos": "0",
        "closeRetain": "false",
        "closePayload": "",
        "closeMsg": {},
        "willTopic": "",
        "willQos": "0",
        "willRetain": "false",
        "willPayload": "",
        "willMsg": {},
        "userProps": "",
        "sessionExpiry": ""
    },
    {
        "id": "97cb809891747c84",
        "type": "influxdb",
        "hostname": "localhost",
        "port": 8086,
        "protocol": "http",
        "database": "database",
        "name": "",
        "usetls": false,
        "tls": "",
        "influxdbVersion": "2.0",
        "url": "http://localhost:8086",
        "timeout": 10,
        "rejectUnauthorized": true
    },
    {
        "id": "234f1075fb60909b",
        "type": "ui_group",
        "name": "Group 1",
        "tab": "e9f090c44f581e82",
        "order": 1,
        "disp": true,
        "width": 6
    },
    {
        "id": "e9f090c44f581e82",
        "type": "ui_tab",
        "name": "Tab 1",
        "icon": "dashboard",
        "order": 1
    },
    {
        "id": "ffd78325965c67d1",
        "type": "global-config",
        "env": [],
        "modules": {
            "node-red-contrib-influxdb": "0.7.0",
            "node-red-dashboard": "3.6.6"
        }
    }
]